index,en_date,en_title,en_link,en_desc,tc_date,tc_title,tc_link,tc_desc,sc_date,sc_title,sc_link,sc_desc
59,November 2023,Leisure and Cultural Services Department refusing to provide information of library materials removed from library shelves or withdrawn,https://web.archive.org/web/20250522162820/https://www.ombudsman.hk/wp-content/uploads/2023/11/LCSD_2022-3895I-EN.pdf,Report (PDF),2023年11月,康樂及文化事務署拒絕提供公共圖書館下架／註銷的書籍資料,https://web.archive.org/web/20240604004046/https://www.ombudsman.hk/wp-content/uploads/2023/11/LCSD_2022-3895-TC.pdf,全文 (PDF),2023年11月,康乐及文化事务署拒绝提供公共图书馆下架／注销的书籍资料,https://web.archive.org/web/20250522162831/https://www.ombudsman.hk/wp-content/uploads/2023/11/LCSD_2022-3895I-SC.pdf,全文 (PDF)
58,August 2023,Buildings Department failing to properly handle a request for historical documents of a building,https://web.archive.org/web/20240227173333/https://www.ombudsman.hk/wp-content/uploads/2023/12/BD_2023-0153I_EN.pdf,Report (PDF),2023年8月,屋宇署未有妥善處理索取某大廈的歷史文件的要求,https://web.archive.org/web/20250522162823/https://www.ombudsman.hk/wp-content/uploads/2023/12/BD_2023-0153I_TC.pdf,全文 (PDF),2023年8月,屋宇署未有妥善处理索取某大厦的历史文件的要求,https://web.archive.org/web/20250522162739/https://www.ombudsman.hk/wp-content/uploads/2023/12/BD_2023-0153I_SC.pdf,全文 (PDF)
57,March 2023,Security Bureau refusing to provide daily occupancy statistics of community isolation facilities,https://web.archive.org/web/20240227181330/https://www.ombudsman.hk/wp-content/uploads/2023/10/SB_2022-3105I-EN.pdf,Report (PDF),2023年3月,保安局拒絕提供社區隔離設施的入住數據,https://web.archive.org/web/20240227155728/https://www.ombudsman.hk/wp-content/uploads/2023/10/SB_2022-3105I-TC.pdf,全文 (PDF),2023年3月,保安局拒绝提供社区隔离设施的入住数据,https://web.archive.org/web/20240424151550/https://www.ombudsman.hk/wp-content/uploads/2023/10/SB_2022-3105I-SC.pdf,全文 (PDF)
56,January 2023,Information Services Department refusing to provide a list of media organisation invited to cover the July 1 Reunification Anniversary celebrations/festivities,https://web.archive.org/web/20231210041709/https://www.ombudsman.hk/wp-content/uploads/2023/09/ISD_22-2434I_EN.pdf,Report (PDF),2023年1月,政府新聞處拒絕提供受邀到現場採訪七一回歸慶祝活動的傳媒機構名單,https://web.archive.org/web/20231004001639/https://www.ombudsman.hk/wp-content/uploads/2023/09/ISD_22-2434I-TC.pdf,全文 (PDF),2023年1月,政府新闻处拒绝提供受邀到现场采访七一回归庆祝活动的传媒机构名单,https://web.archive.org/web/20240527090642/https://www.ombudsman.hk/wp-content/uploads/2023/09/ISD_22-2434I-SC.pdf,全文 (PDF)
55,November 2022,Financial Services and the Treasury Bureau refusing to provide information on allocations of Hong Kong Growth Portfolio of Future Fund,https://web.archive.org/web/20240424152836/https://www.ombudsman.hk/wp-content/uploads/2023/03/FSTB_22-2679I-EN.pdf,Report (PDF),2022年11月,財經事務及庫務局拒絕提供有關未來基金轄下香港增長組合的資金配置資料,https://web.archive.org/web/20230325172335/https://www.ombudsman.hk/wp-content/uploads/2023/03/FSTB_22-2679I-TC.pdf,全文 (PDF),2022年11月,财经事务及库务局拒绝提供有关未来基金辖下香港增长组合的资金配置资料,https://web.archive.org/web/20240424160909/https://www.ombudsman.hk/wp-content/uploads/2023/03/FSTB_22-2679I-SC.pdf,全文 (PDF)
54,September 2022,Planning Department refusing to provide assessment reports for a strategic study,https://web.archive.org/web/20221221021415/https://www.ombudsman.hk/wp-content/uploads/2022/11/21-4445I-Report_Eng.pdf,Report (PDF),2022年9月,規劃署拒絕提供某策略性研究的評估報告,https://web.archive.org/web/20221202061116/https://www.ombudsman.hk/wp-content/uploads/2022/11/21-4445I-Report_TC.pdf,全文 (PDF),2022年9月,规划署拒绝提供某策略性研究的评估报告,https://web.archive.org/web/20230204090650/https://www.ombudsman.hk/wp-content/uploads/2022/11/21-4445I-Report_SC.pdf,全文 (PDF)
53,June 2022,"Security Bureau, Immigration Department, Customs and Excise Department, Correctional Services Department, Fire Services Department, Hong Kong Police Force and Government Flying Service failing to provide statistics on disciplined services staff’s acceptance of advantages",https://web.archive.org/web/20221221021022/https://www.ombudsman.hk/wp-content/uploads/2022/12/2021-4326I_Eng.pdf,Report (PDF),2022年6月,保安局、入境事務處、香港海關、懲教署、香港消防處、香港警務處及政府飛行服務隊未能提供紀律部隊人員接受利益的統計數字,https://web.archive.org/web/20230114173229/https://www.ombudsman.hk/wp-content/uploads/2022/12/2021-4326I-_TC.pdf,全文 (PDF),2022年6月,保安局、入境事务处、香港海关、惩教署、香港消防处、香港警务处及政府飞行服务队未能提供纪律部队人员接受利益的统计数字,https://web.archive.org/web/20240527084528/https://www.ombudsman.hk/wp-content/uploads/2022/12/2021-4326I-_SC.pdf,全文 (PDF)
52,May 2022,Education Bureau’s refusal to provide the number of dropouts and dropout rate of primary schools in Hong Kong,https://web.archive.org/web/20221115024931/https://www.ombudsman.hk/wp-content/uploads/2022/10/2021-4427I_Eng.pdf,Report (PDF),2022年5月,教育局拒絕提供全港小學的退學人數及退學率,https://web.archive.org/web/20221106205301/https://www.ombudsman.hk/wp-content/uploads/2022/10/2021-4427I_TC.pdf,全文 (PDF),2022年5月,教育局拒绝提供全港小学的退学人数及退学率,https://web.archive.org/web/20221115024929/https://www.ombudsman.hk/wp-content/uploads/2022/10/2021-4427I_SC-1.pdf,全文 (PDF)
51,May 2022,"Home Affairs Department, Transport and Housing Bureau and Lands Department being late in responding to a request",https://web.archive.org/web/20221115040507/https://www.ombudsman.hk/wp-content/uploads/2022/09/HAD_THB_LD_code_EN202205.pdf,Report (PDF),2022年5月,民政事務總署、運輸及房屋局和地政總署延誤回應要求,https://web.archive.org/web/20221106205305/https://www.ombudsman.hk/wp-content/uploads/2022/09/HAD_THB_LD_code_TC202205.pdf,全文 (PDF),2022年5月,民政事务总署、运输及房屋局和地政总署延误回应要求,https://web.archive.org/web/20221115040328/https://www.ombudsman.hk/wp-content/uploads/2022/09/HAD_THB_LD_code_SC202205.pdf,全文 (PDF)
50,March 2022,Transport Department’s handling of a media organisation’s enquiry about application procedures for Certificate of Particulars of Vehicle,https://web.archive.org/web/20221108002414/https://www.ombudsman.hk/wp-content/uploads/2022/07/TD_code_EN202203.pdf,Report (PDF),2022年3月,運輸署就某新聞媒體查詢申請車輛登記細節證明書的程序之處理,https://web.archive.org/web/20221106205342/https://www.ombudsman.hk/wp-content/uploads/2022/07/TD_code_TC202203-2.pdf,全文 (PDF),2022年3月,运输署就某新闻媒体查询申请车辆登记细节证明书的程序之处理,https://web.archive.org/web/20221115035211/https://www.ombudsman.hk/wp-content/uploads/2022/07/TD_code_SC202203.pdf,全文 (PDF)
49,November 2021,FEHD refused to disclose the full report on the Site Selection Feasibility Study of the Tin Shui Wai public market,https://web.archive.org/web/20221115041141/https://www.ombudsman.hk/wp-content/uploads/2022/07/FEHD_code_EN202111.pdf,Report (PDF),2021年11月,食環署拒絕提供天水圍公眾街市選址的可行性研究全文,https://web.archive.org/web/20221106205318/https://www.ombudsman.hk/wp-content/uploads/2022/07/FEHD_code_TC202111.pdf,全文 (PDF),2021年11月,食环署拒绝提供天水围公众街市选址的可行性研究全文,https://web.archive.org/web/20221115041449/https://www.ombudsman.hk/wp-content/uploads/2022/07/FEHD_code_SC202111.pdf,全文 (PDF)
48,September 2021,DEVB refused to disclose information about AMO’s grading of a structure,https://web.archive.org/web/20221115032339/https://www.ombudsman.hk/wp-content/uploads/2022/07/DEVB_code_EN202109.pdf,Report (PDF),2021年9月,有關發展局拒絕提供古蹟辦事處就某構築物的評級的資料,https://web.archive.org/web/20221106205312/https://www.ombudsman.hk/wp-content/uploads/2022/07/DEVB_code_TC202109.pdf,全文 (PDF),2021年9月,有关发展局拒绝提供古迹办事处就某构筑物的评级的资料,https://web.archive.org/web/20221115035506/https://www.ombudsman.hk/wp-content/uploads/2022/07/DEVB_code_SC202109.pdf,全文 (PDF)
47,September 2021,HKPF refused to provide copies of donation records of Police Welfare Fund (Case 1) and donation information of Police Children’s Education Trust and Police Education and Welfare Trust (Case 2),https://web.archive.org/web/20221115032028/https://www.ombudsman.hk/wp-content/uploads/2022/07/HKPF_code_EN202109.pdf,Report (PDF),2021年9月,警務處拒絕提供「警察福利基金」捐款記錄的副本（個案一）以及「警察子女教育信託基金」和「警察教育及福利信託基金」的捐款資料（個案二）,https://web.archive.org/web/20221106212903/https://www.ombudsman.hk/wp-content/uploads/2022/07/HKPF_code_TC202109.pdf,全文 (PDF),2021年9月,警务处拒绝提供「警察福利基金」捐款记录的副本（个案一）以及「警察子女教育信托基金」和「警察教育及福利信托基金」的捐款资料（个案二）,https://web.archive.org/web/20221115035429/https://www.ombudsman.hk/wp-content/uploads/2022/07/HKPF_code_SC202109-1.pdf,全文 (PDF)
46,August 2021,CEDB’s handling of request for the list of members of the dedicated team for reviewing the governance and management of RTHK,https://web.archive.org/web/20221115035721/https://www.ombudsman.hk/wp-content/uploads/2022/07/CEDB_code_EN202108_0-1.pdf,Report (PDF),2021年8月,商務及經濟發展局對索取『檢討香港電台管治及管理專責小組』成員名單的處理,https://web.archive.org/web/20221106205321/https://www.ombudsman.hk/wp-content/uploads/2022/07/CEDB_code_TC202108_0-1.pdf,全文 (PDF),2021年8月,商务及经济发展局对索取「检讨香港电台管治及管理专责小组」成员名单的处理,https://web.archive.org/web/20221115035548/https://www.ombudsman.hk/wp-content/uploads/2022/07/CEDB_code_SC202108-1.pdf,全文 (PDF)
45,June 2021,DH refused to disclose the voting results and advice of its two Scientific Committees and Government’s Expert Advisory Panel on COVID-19 vaccine procurement by Government,https://web.archive.org/web/20221115040144/https://www.ombudsman.hk/wp-content/uploads/2022/07/DH_code_EN202106.pdf,Report (PDF),2021年6月,衞生署拒絕披露轄下兩個科學委員會及政府防疫專家顧問對政府採購2019冠狀病毒病疫苗的投票結果及意見,https://web.archive.org/web/20221106205336/https://www.ombudsman.hk/wp-content/uploads/2022/07/DH_code_TC202106.pdf,全文 (PDF),2021年6月,卫生署拒绝披露辖下两个科学委员会及政府防疫专家顾问对政府采购2019冠状病毒病疫苗的投票结果及意见,https://web.archive.org/web/20221115040925/https://www.ombudsman.hk/wp-content/uploads/2022/07/DH_code_SC202106.pdf,全文 (PDF)
44,April 2021,HKPF refused to provide information about fixed penalty notices issued pursuant to two subsidiary regulations under the Prevention and Control of Disease Ordinance,https://web.archive.org/web/20221115040015/https://www.ombudsman.hk/wp-content/uploads/2022/07/HKPF_code_EN202104.pdf,Report (PDF),2021年4月,警務處拒絕提供根據《預防及控制疾病條例》的兩項附屬法例而發出的定額罰款通知書資料,https://web.archive.org/web/20221106205324/https://www.ombudsman.hk/wp-content/uploads/2022/07/HKPF_code_TC202104_0.pdf,全文 (PDF),2021年4月,警务处拒绝提供根据《预防及控制疾病条例》的两项附属法例而发出的定额罚款通知书资料,https://web.archive.org/web/20221106205324/https://www.ombudsman.hk/wp-content/uploads/2022/07/HKPF_code_TC202104_0.pdf,全文 (PDF)
43,March 2021,REO failing to provide statistics on registered electors,https://web.archive.org/web/20221115035407/https://www.ombudsman.hk/wp-content/uploads/2022/07/REO_code__EN202103_0.pdf,Report (PDF),2021年3月,選舉處未能提供選民登記數字,https://web.archive.org/web/20221106205313/https://www.ombudsman.hk/wp-content/uploads/2022/07/REO_code_TC202103_0.pdf,全文 (PDF),2021年3月,选举处未能提供选民登记数字,https://web.archive.org/web/20221115035812/https://www.ombudsman.hk/wp-content/uploads/2022/07/REO_code_SC202103_0.pdf,全文 (PDF)
42,September 2020,GLD refused to provide information about distribution of Personal Protection Equipment between 2017 and 2019,https://web.archive.org/web/20221115032459/https://www.ombudsman.hk/wp-content/uploads/2022/07/GLD_code_EN202009-1.pdf,Report (PDF),2020年9月,有關物流署拒絕提供2017至2019年期間分配個人防護裝備的資料,https://web.archive.org/web/20221106205348/https://www.ombudsman.hk/wp-content/uploads/2022/07/GLD_code_TC202009-1.pdf,全文 (PDF),2020年9月,有关物流署拒绝提供2017至2019年期间分配个人防护装备的资料,https://web.archive.org/web/20221115035156/https://www.ombudsman.hk/wp-content/uploads/2022/07/GLD_code_SC202009.pdf,全文 (PDF)
41,August 2020,CSD refused to provide information about sale of its manufactured masks to non-governmental organisations between 2017 and 2019,https://web.archive.org/web/20221115032540/https://www.ombudsman.hk/wp-content/uploads/2022/07/CSD_code_EN202008-1.pdf,Report (PDF),2020年8月,有關懲教署拒絕提供2017至2019年期間出售該署生產的口罩至非政府組織的資料,https://web.archive.org/web/20221106205301/https://www.ombudsman.hk/wp-content/uploads/2022/07/CSD_code_TC202008-1.pdf,全文 (PDF),2020年8月,有关惩教署拒绝提供2017至2019年期间出售该署生产的口罩至非政府组织的资料,https://web.archive.org/web/20221115033600/https://www.ombudsman.hk/wp-content/uploads/2022/07/CSD_code_SC202008-1.pdf,全文 (PDF)
40,August 2020,SWD refused to provide the number of “places of agency quota” of a residential care home for the elderly,https://web.archive.org/web/20221115041259/https://www.ombudsman.hk/wp-content/uploads/2022/07/SWD_code_EN202008-2.pdf,Report (PDF),2020年8月,社署拒絕提供某安老院的「機構名額宿位」數目,https://web.archive.org/web/20221106205314/https://www.ombudsman.hk/wp-content/uploads/2022/07/SWD_code_TC202008-1.pdf,全文 (PDF),2020年8月,社署拒绝提供某安老院的「机构名额宿位」数目,https://web.archive.org/web/20221115035954/https://www.ombudsman.hk/wp-content/uploads/2022/07/SWD_code_SC202008-2.pdf,全文 (PDF)
39,July 2020,SB refused to disclose information regarding the written submissions received by the Government on the proposed amendments to the Mutual Legal Assistance Ordinance and the Fugitive Offenders Ordinance,https://web.archive.org/web/20221115035237/https://www.ombudsman.hk/wp-content/uploads/2022/07/SB_code_EN202006.pdf,Report (PDF),2020年7月,保安局拒絕披露政府就《刑事事宜相互法律協助條例》和《逃犯條例》修訂建議所接到的書面意見的有關資料,https://web.archive.org/web/20221106212735/https://www.ombudsman.hk/wp-content/uploads/2022/07/SB_code_TC202006.pdf,全文 (PDF),2020年7月,保安局拒绝披露政府就《刑事事宜相互法律协助条例》和《逃犯条例》修订建议所接到的书面意见的有关资料,https://web.archive.org/web/20221115035556/https://www.ombudsman.hk/wp-content/uploads/2022/07/SB_code_SC202006.pdf,全文 (PDF)
38,June 2020,HKPF refused to provide the costs and particulars of tear gas rounds procured between 2014 and 2019,https://web.archive.org/web/20221115041246/https://www.ombudsman.hk/wp-content/uploads/2022/07/HKPF_code_EN202006_-02.pdf,Report (PDF),2020年6月,警務處拒絕披露在2014至2019年期間採購催淚彈的費用及詳情,https://web.archive.org/web/20221106205330/https://www.ombudsman.hk/wp-content/uploads/2022/07/HKPF_code_TC202006_-02-1.pdf,全文 (PDF),2020年6月,警务处拒绝披露在2014至2019年期间采购催泪弹的费用及详情,https://web.archive.org/web/20221115035957/https://www.ombudsman.hk/wp-content/uploads/2022/07/HKPF_code_SC202006_-02.pdf,全文 (PDF)
37,June 2020,HKPF's refusal to disclose the composition and brands of tear gas rounds used and coloured solution sprayed by specialised crowd management vehicles,https://web.archive.org/web/20221115040304/https://www.ombudsman.hk/wp-content/uploads/2022/07/HKPF_code_EN202006.pdf,Report (PDF),2020年6月,警務處拒絕披露所使用的催淚彈/催淚煙及「人群管理特別用途車」所噴出的顏色液體的成份和牌子,https://web.archive.org/web/20221106205342/https://www.ombudsman.hk/wp-content/uploads/2022/07/HKPF_code_TC202006.pdf,全文 (PDF),2020年6月,警务处拒绝披露所使用的催泪弹/催泪烟及「人群管理特别用途车」所喷出的颜色液体的成份和牌子,https://web.archive.org/web/20221115035551/https://www.ombudsman.hk/wp-content/uploads/2022/07/HKPF_code_SC202006.pdf,全文 (PDF)
36,May 2020,HKPF refused to provide headings of all chapters in Police General Orders,https://web.archive.org/web/20221115041303/https://www.ombudsman.hk/wp-content/uploads/2022/07/HKPF_code_EN202005.pdf,Report (PDF),2020年5月,警務處拒絕提供《警察通例》所有章節的標題,https://web.archive.org/web/20221106205315/https://www.ombudsman.hk/wp-content/uploads/2022/07/HKPF_code_TC202005.pdf,全文 (PDF),2020年5月,警务处拒绝提供《警察通例》所有章节的标题,https://web.archive.org/web/20221115033622/https://www.ombudsman.hk/wp-content/uploads/2022/07/HKPF_code_SC202005.pdf,全文 (PDF)
35,March 2020,HKPF refused to provide the names and identification numbers of police officers engaged in certain operations,https://web.archive.org/web/20221115032242/https://www.ombudsman.hk/wp-content/uploads/2022/07/HKPF_code_EN202003-3.pdf,Report (PDF),2020年3月,警務處拒絕披露曾參與某些行動的警務人員之姓名及編號,https://web.archive.org/web/20221106205310/https://www.ombudsman.hk/wp-content/uploads/2022/07/HKPF_code_TC202003-2.pdf,全文 (PDF),2020年3月,警务处拒绝披露曾参与某些行动的警务人员之姓名及编号,https://web.archive.org/web/20221115041219/https://www.ombudsman.hk/wp-content/uploads/2022/07/HKPF_code_SC202003-2.pdf,全文 (PDF)
34,March 2020,HKPF refused to provide information relating to procurement and disposal of tear gas rounds,https://web.archive.org/web/20221115034250/https://www.ombudsman.hk/wp-content/uploads/2022/07/HKPF_code_EN202003-2.pdf,Report (PDF),2020年3月,警務處拒絕提供採購和銷毀催淚彈／催淚煙的資料,https://web.archive.org/web/20221106205326/https://www.ombudsman.hk/wp-content/uploads/2022/07/HKPF_code_TC202003-3.pdf,全文 (PDF),2020年3月,警务处拒绝提供采购和销毁催泪弹／催泪烟的资料,https://web.archive.org/web/20221115041231/https://www.ombudsman.hk/wp-content/uploads/2022/07/HKPF_code_SC202003-3.pdf,全文 (PDF)
33,February 2020,DEVB refused to provide tenancy agreements for two revitalisation projects of historic buildings,https://web.archive.org/web/20221115035835/https://www.ombudsman.hk/wp-content/uploads/2022/07/DEVB_code_EN202002.pdf,Report (PDF),2020年2月,發展局拒絕提供兩項活化歷史建築物項目的租賃協議,https://web.archive.org/web/20221106205335/https://www.ombudsman.hk/wp-content/uploads/2022/07/DEVB_code_TC202002.pdf,全文 (PDF),2020年2月,发展局拒绝提供两项活化历史建筑物项目的租赁协议,https://web.archive.org/web/20221115034832/https://www.ombudsman.hk/wp-content/uploads/2022/07/DEVB_code_SC202002.pdf,全文 (PDF)
32,December 2019,JA refusing to provide information about the dates of taking the Judicial Oath for assuming office of three judges and names of the officers administering their oath,https://web.archive.org/web/20221115035518/https://www.ombudsman.hk/wp-content/uploads/2022/07/JA_code_EN201912.pdf,Report (PDF),2019年12月,司法政務處拒絕提供三名法官就任時作出司法宣誓日期及為其監誓人員的姓名,https://web.archive.org/web/20221106205311/https://www.ombudsman.hk/wp-content/uploads/2022/07/JA_code_TC201912.pdf,全文 (PDF),2019年12月,司法政务处拒绝提供三名法官就任时作出司法宣誓日期及为其监誓人员的姓名,https://web.archive.org/web/20221115033850/https://www.ombudsman.hk/wp-content/uploads/2022/07/JA_code_SC201912.pdf,全文 (PDF)
31,November 2019,Complaint against BD for refusing to provide investigation reports and other relevant information about alleged defective waste water pipes on the complainant’s premises,https://web.archive.org/web/20221115040814/https://www.ombudsman.hk/wp-content/uploads/2022/07/BD_code_EN201911.pdf,Report (PDF),2019年11月,有關屋宇署拒絕提供投訴人單位被指有廢水管破損的調查報告及其他相關資料的投訴,https://web.archive.org/web/20221106205308/https://www.ombudsman.hk/wp-content/uploads/2022/07/BD_code_TC201911.pdf,全文 (PDF),2019年11月,有关屋宇署拒绝提供投诉人单位被指有废水管破损的调查报告及其他相关资料的投诉,https://web.archive.org/web/20221115032314/https://www.ombudsman.hk/wp-content/uploads/2022/07/BD_code_SC201911.pdf,全文 (PDF)
30,September 2019,Complaint of delay and excessive masking in providing a report on traffic and transport impact assessment,https://web.archive.org/web/20221115035248/https://www.ombudsman.hk/wp-content/uploads/2022/07/CEDD_code_EN201909.pdf,Report (PDF),2019年9月,有關土拓署延誤提供一份交通及運輸影響評估報告及過度遮蓋報告內容的投訴,https://web.archive.org/web/20221106213215/https://www.ombudsman.hk/wp-content/uploads/2022/07/CEDD_code_TC201909.pdf,全文 (PDF),2019年9月,有关土拓署延误提供一份交通及运输影响评估报告及过度遮盖报告内容的投诉,https://web.archive.org/web/20221115033456/https://www.ombudsman.hk/wp-content/uploads/2022/07/CEDD_code_SC201909.pdf,全文 (PDF)
29,August 2019,TD refused to provide the list of tenderers and selection result of operators of three new franchised bus routes,https://web.archive.org/web/20221115032437/https://www.ombudsman.hk/wp-content/uploads/2022/07/TD_Code_EN201908.pdf,Report (PDF),2019年8月,運輸署拒絕提供三條新專營巴士路線營辦商的遴選名單及結果,https://web.archive.org/web/20221106205320/https://www.ombudsman.hk/wp-content/uploads/2022/07/TD_Code_TC201908.pdf,全文 (PDF),2019年8月,运输署拒绝提供三条新专营巴士路线营办商的遴选名单及结果,https://web.archive.org/web/20221115035443/https://www.ombudsman.hk/wp-content/uploads/2022/07/TD_Code_SC201908.pdf,全文 (PDF)
28,May 2019,Complaint against OFCA for refusing to provide the service options menus of its telephone hotline voice system,https://web.archive.org/web/20221115041057/https://www.ombudsman.hk/wp-content/uploads/2022/07/OFCA_CODE_EN201905.pdf,Report (PDF),2019年5月,通訊辦拒絕提供其電話熱線語音系統的服務選項列表,https://web.archive.org/web/20221106205349/https://www.ombudsman.hk/wp-content/uploads/2022/07/OFCA_CODE_TC201905.pdf,全文 (PDF),2019年5月,通讯办拒绝提供其电话热线语音系统的服务选项列表,https://web.archive.org/web/20221115035646/https://www.ombudsman.hk/wp-content/uploads/2022/07/OFCA_CODE_SC201905.pdf,全文 (PDF)
27,March 2019,SWD refused to provide annual accounting inspections records of an elderly home,https://web.archive.org/web/20221115035215/https://www.ombudsman.hk/wp-content/uploads/2022/07/SWD_Code_EN201903.pdf,Report (PDF),2019年3月,社署拒絕提供其對某安老院的會計審核記錄,https://web.archive.org/web/20221106205338/https://www.ombudsman.hk/wp-content/uploads/2022/07/SWD_code_TC201903.pdf,全文 (PDF),2019年3月,社署拒绝提供其对某安老院的会计审核记录,https://web.archive.org/web/20221115040737/https://www.ombudsman.hk/wp-content/uploads/2022/07/SWD_code_SC201903.pdf,全文 (PDF)
26,February 2019,TD refused to provide the Code of Practice for the examination of private cars and light goods vehicles at designated car testing centres,https://web.archive.org/web/20221115035416/https://www.ombudsman.hk/wp-content/uploads/2022/07/TD_code_EN201902.pdf,Report (PDF),2019年2月,運輸署拒絕提供私家車及輕型貨車在指定車輛測試中心進行車輛檢驗的實務守則,https://web.archive.org/web/20221106205328/https://www.ombudsman.hk/wp-content/uploads/2022/07/TD_code_TC201902-1.pdf,全文 (PDF),2019年2月,运输署拒绝提供私家车及轻型货车在指定车辆测试中心进行车辆检验的实务守则,https://web.archive.org/web/20221115040950/https://www.ombudsman.hk/wp-content/uploads/2022/07/TD_code_SC201902.pdf,全文 (PDF)
25,February 2019,Complaint against Lands Department for refusing to disclose the amounts of premium and administration fee paid by an applicant for change of land use who was granted a waiver in the form of a letter of no objection,https://web.archive.org/web/20221115040941/https://www.ombudsman.hk/wp-content/uploads/2022/07/LandsD_code_EN201902.pdf,Report (PDF),2019年2月,地政總署拒絕披露其透過發出「不反對通知書」豁免某申請人改變土地用途所需繳付的地價及行政費用金額,https://web.archive.org/web/20221106205326/https://www.ombudsman.hk/wp-content/uploads/2022/07/LandsD_code_TC201902.pdf,全文 (PDF),2019年2月,地政总署拒绝披露其透过发出「不反对通知书」豁免某申请人改变土地用途所需缴付的地价及行政费用金额,https://web.archive.org/web/20221115034521/https://www.ombudsman.hk/wp-content/uploads/2022/07/LandsD_code_SC201902.pdf,全文 (PDF)
24,January 2019,LCSD refused to provide the investigation report submitted by a sports association and the list of members of an investigation panel,https://web.archive.org/web/20221115033722/https://www.ombudsman.hk/wp-content/uploads/2022/07/LCSD_code_EN201901-1.pdf,Report (PDF),2019年1月,康文署拒絕提供由某體育總會提交的調查報告及調查委員會的成員名單,https://web.archive.org/web/20221106205303/https://www.ombudsman.hk/wp-content/uploads/2022/07/LCSD_code_TC201901.pdf,全文 (PDF),2019年1月,康文署拒绝提供由某体育总会提交的调查报告及调查委员会的成员名单,https://web.archive.org/web/20221115032259/https://www.ombudsman.hk/wp-content/uploads/2022/07/LCSD_code_SC201901.pdf,全文 (PDF)
23,December 2018,CSD failed to provide Mr A with various items of information related to his complaints against CSD in a timely manner,https://web.archive.org/web/20221115035318/https://www.ombudsman.hk/wp-content/uploads/2022/07/CSD_Code_EN201812.pdf,Report (PDF),2018年12月,懲教署未有適時向A先生提供多項與他投訴懲教署有關的資料,https://web.archive.org/web/20221106205324/https://www.ombudsman.hk/wp-content/uploads/2022/07/CSD_code_TC201812.pdf,全文 (PDF),2018年12月,惩教署未有适时向A先生提供多项与他投诉惩教署有关的资料,https://web.archive.org/web/20221115041214/https://www.ombudsman.hk/wp-content/uploads/2022/07/CSD_code_SC201812.pdf,全文 (PDF)
22,September 2018,ICAC refused to provide Mr B with documents related to his complaints against ICAC officers (“the Documents”),https://web.archive.org/web/20221115032216/https://www.ombudsman.hk/wp-content/uploads/2022/07/ICAC_code_EN201809.pdf,Report (PDF),2018年9月,廉署拒絕向B先生提供與他就該署職員所作的投訴(「職員投訴」)相關的文件(「事涉文件」),https://web.archive.org/web/20221106205306/https://www.ombudsman.hk/wp-content/uploads/2022/07/ICAC_code_TC201809.pdf,全文 (PDF),2018年9月,廉署拒绝向B先生提供与他就该署职员所作的投诉(「职员投诉」)相关的文件(「事涉文件」),https://web.archive.org/web/20221115035310/https://www.ombudsman.hk/wp-content/uploads/2022/07/ICAC_code_SC201809-1.pdf,全文 (PDF)
21,July 2018,LandsD refused to provide squatter inspection records,https://web.archive.org/web/20221115041237/https://www.ombudsman.hk/wp-content/uploads/2022/07/LandsD_code_EN201807.pdf,Report (PDF),2018年7月,地政總署拒絕提供寮屋巡查記錄,https://web.archive.org/web/20221106205258/https://www.ombudsman.hk/wp-content/uploads/2022/07/LandsD_code_TC201807.pdf,全文 (PDF),2018年7月,地政总署拒绝提供寮屋巡查记录,https://web.archive.org/web/20221115033511/https://www.ombudsman.hk/wp-content/uploads/2022/07/LandsD_code_SC201807.pdf,全文 (PDF)
20,July 2018,HAD refused to provide an unabridged version of the Model Rules for Rural Committee Elections and the Constitutions of all Rural Committees,https://web.archive.org/web/20221115032536/https://www.ombudsman.hk/wp-content/uploads/2022/07/HAD_code_EN201807.pdf,Report (PDF),2018年7月,民政總署拒絕提供《鄉事委員會選舉範則》的完整版本及各鄉事委員會的《組織章程》,https://web.archive.org/web/20221106205301/https://www.ombudsman.hk/wp-content/uploads/2022/07/HAD_code_TC201807.pdf,全文 (PDF),2018年7月,民政总署拒绝提供《乡事委员会选举范则》的完整版本及各乡事委员会的《组织章程》,https://web.archive.org/web/20221115035359/https://www.ombudsman.hk/wp-content/uploads/2022/07/HAD_code_SC201807.pdf,全文 (PDF)
19,June 2018,EPD refused to provide a breakdown of the cost of an outsourced project,https://web.archive.org/web/20221115035259/https://www.ombudsman.hk/wp-content/uploads/2022/07/EPD_code_EN201806.pdf,Report (PDF),2018年6月,環保署拒絕提供一個外判工程項目成本的分項數字,https://web.archive.org/web/20221106205309/https://www.ombudsman.hk/wp-content/uploads/2022/07/EPD_code_TC201806.pdf,全文 (PDF),2018年6月,环保署拒绝提供一个外判工程项目成本的分项数字,https://web.archive.org/web/20221115040946/https://www.ombudsman.hk/wp-content/uploads/2022/07/EPD_code_SC201806.pdf,全文 (PDF)
18,April 2018,SWD refused to provide Mr C with the manual on its Comprehensive Social Security Assistance (“CSSA”) Scheme (“CSSA Manual”) and had delay in responding to his information request,https://web.archive.org/web/20221115041241/https://www.ombudsman.hk/wp-content/uploads/2022/07/201804_I__SWD_Eng.pdf,Report (PDF),2018年4月,社署拒絕向C先生提供綜合社會保障援助（「綜援」）計劃的手冊（「綜援手冊」），以及延誤回應其索取資料要求,https://web.archive.org/web/20221106205301/https://www.ombudsman.hk/wp-content/uploads/2022/07/201804_I__SWD_Chin.pdf,全文 (PDF),2018年4月,社署拒绝向C先生提供综合社会保障援助（「综援」）计划的手册（「综援手册」），以及延误回应其索取资料要求,https://web.archive.org/web/20221115032021/https://www.ombudsman.hk/wp-content/uploads/2022/07/201804_I__SWD_SC.pdf,全文 (PDF)
17,March 2018,LCSD refused to provide CCTV footage of a public library,https://web.archive.org/web/20221115040749/https://www.ombudsman.hk/wp-content/uploads/2022/07/LCSD_201803_Eng__0.pdf,Report (PDF),2018年3月,康文署拒絕提供某公共圖書館的閉路電視錄像,https://web.archive.org/web/20221106205308/https://www.ombudsman.hk/wp-content/uploads/2022/07/LCSD_201803.pdf,全文 (PDF),2018年3月,康文署拒绝提供某公共图书馆的闭路电视录像,https://web.archive.org/web/20221115034809/https://www.ombudsman.hk/wp-content/uploads/2022/07/LCSD_201803_Simp_Chin_.pdf,全文 (PDF)
16,January 2018,CSD refused to provide information on complaints about use of unnecessary force by officers of its correctional institutions,https://web.archive.org/web/20221115035730/https://www.ombudsman.hk/wp-content/uploads/2022/07/CSD_201801__Eng_.pdf,Report (PDF),2018年1月,懲教署拒絕提供有關懲教院所職員使用不必要武力的投訴的資料,https://web.archive.org/web/20221106205259/https://www.ombudsman.hk/wp-content/uploads/2022/07/CSD_201801.pdf,全文 (PDF),2018年1月,惩教署拒绝提供有关惩教院所职员使用不必要武力的投诉的资料,https://web.archive.org/web/20221115041136/https://www.ombudsman.hk/wp-content/uploads/2022/07/CSD_201801__Simp_Chi_.pdf,全文 (PDF)
15,April 2017,REO refused to provide the complainant with statistics of the 2016 Legislative Council Election,https://web.archive.org/web/20221115041017/https://www.ombudsman.hk/wp-content/uploads/2022/07/Omb_2016_3878_I__REO_Eng__0.pdf,Report (PDF),2017年4月,選舉處拒絕向投訴人提供二Ｏ一六年立法會選舉的統計資料,https://web.archive.org/web/20221106205321/https://www.ombudsman.hk/wp-content/uploads/2022/07/Omb_2016_3878_I__REO_Trad_Chin_.pdf,全文 (PDF),2017年4月,选举处拒绝向投诉人提供二Ｏ一六年立法会选举的统计资料,https://web.archive.org/web/20221115035135/https://www.ombudsman.hk/wp-content/uploads/2022/07/Omb_2016_3878_I__REO_Simp_Chin_.pdf,全文 (PDF)
14,March 2017,LCSD refused to disclose the full text of a deed that it had signed with a company on the management of a waterfront promenade,https://web.archive.org/web/20221115035741/https://www.ombudsman.hk/wp-content/uploads/2022/07/Omb_2015_4140_I__LCSD_Eng__0.pdf,Report (PDF),2017年3月,康文署拒絕披露該署與某公司所簽署的某海濱長廊的管理協議全文,https://web.archive.org/web/20221106205311/https://www.ombudsman.hk/wp-content/uploads/2022/07/Omb_2015_4140_I__LCSD_Trad_Chin__0.pdf,全文 (PDF),2017年3月,康文署拒绝披露该署与某公司所签署的某海滨长廊的管理协议全文,https://web.archive.org/web/20221115032446/https://www.ombudsman.hk/wp-content/uploads/2022/07/Omb_2015_4140_I__LCSD_Simp_Chin__0.pdf,全文 (PDF)
13,January 2017,HD refused to provide a tenant with rental information relating to other tenants in its factory estate,https://web.archive.org/web/20221115035631/https://www.ombudsman.hk/wp-content/uploads/2022/07/2016-0117_I_Housing_Dept_Eng.pdf,Report (PDF),2017年1月,房屋署拒絕向租戶提供該署轄下工廠大廈內其他租戶的租金資料,https://web.archive.org/web/20221106205312/https://www.ombudsman.hk/wp-content/uploads/2022/07/2016_0117_I_Housing_Dept_C.pdf,全文 (PDF),2017年1月,房屋署拒绝向租户提供该署辖下工厂大厦内其他租户的租金资料,https://web.archive.org/web/20221115033642/https://www.ombudsman.hk/wp-content/uploads/2022/07/2016_0117_I_Housing_Dept_Simp_C.pdf,全文 (PDF)
12,December 2016,Leisure and Cultural Services Department failed to provide tree inspection report,https://web.archive.org/web/20221115035759/https://www.ombudsman.hk/wp-content/uploads/2022/07/2016-2190_I_LCSD_Eng.pdf,Report (PDF),2016年12月,康樂文化事務署沒有提供驗樹報告,https://web.archive.org/web/20221106205306/https://www.ombudsman.hk/wp-content/uploads/2022/07/2016-2190_I_LCSD_C_0.pdf,全文 (PDF),2016年12月,康乐及文化事务署没有提供验树报告,https://web.archive.org/web/20221115032700/https://www.ombudsman.hk/wp-content/uploads/2022/07/2016-2190_I_LCSD_Simp_C_0.pdf,全文 (PDF)
11,February 2016,Leisure and Cultural Services Department refused to release its tree inspection reports,https://web.archive.org/web/20221115035706/https://www.ombudsman.hk/wp-content/uploads/2022/07/LCSD_201602_Eng.pdf,Report (PDF),2016年2月,康樂及文化事務署拒絕提供其驗樹報告,https://web.archive.org/web/20221106205324/https://www.ombudsman.hk/wp-content/uploads/2022/07/LCSD_201602_Chi.pdf,全文 (PDF),2016年2月,康乐及文化事务署拒绝提供其验树报告,https://web.archive.org/web/20221115033536/https://www.ombudsman.hk/wp-content/uploads/2022/07/LCSD_201602_Simp_Chi.pdf,全文 (PDF)
10,February 2016,Constitutional and Mainland Affairs Bureau refused to provide records and details of the Government’s discourse with various political groups and Legislative Council Members on the 2015 political reform package,https://web.archive.org/web/20221115032822/https://www.ombudsman.hk/wp-content/uploads/2022/07/CMAB_201602_Eng.pdf,Report (PDF),2016年2月,政制及內地事務局拒絕提供政府就二Ｏ一五年政改方案與各政治團體及立法會議員會面的記錄和詳情,https://web.archive.org/web/20221106205327/https://www.ombudsman.hk/wp-content/uploads/2022/07/CMAB_201602_Chi.pdf,全文 (PDF),2016年2月,政制及内地事务局拒绝提供政府就二Ｏ一五年政改方案与各政治团体及立法会议员会面的记录和详情,https://web.archive.org/web/20221115035844/https://www.ombudsman.hk/wp-content/uploads/2022/07/CMAB_201602_Simp_Chi.pdf,全文 (PDF)
9,November 2015,Housing Department refused Mr A’s request for the management and maintenance records and CCTV footage of an estate shopping mall,https://web.archive.org/web/20221115041157/https://www.ombudsman.hk/wp-content/uploads/2022/07/HD_201511_Eng.pdf,Report (PDF),2015年11月,房屋署拒絕向A先生提供轄下商場的管理維修及閉路電視記錄,https://web.archive.org/web/20221106205301/https://www.ombudsman.hk/wp-content/uploads/2022/07/HD_201511_Chi-1.pdf,全文 (PDF),2015年11月,房屋署拒绝向A先生提供辖下商场的管理维修及闭路电视记录,https://web.archive.org/web/20221115040853/https://www.ombudsman.hk/wp-content/uploads/2022/07/HD_201511_Simp_Chi-1.pdf,全文 (PDF)
8,November 2015,Lands Department refused to provide Mr A with the personal data of an individual who had expressed an opinion on the Department’s proposal,https://web.archive.org/web/20221115035002/https://www.ombudsman.hk/wp-content/uploads/2022/07/Lands_201511_Eng.pdf,Report (PDF),2015年11月,地政總署拒絕向A先生提供某位曾就該署的建議表達意見的人士的個人資料,https://web.archive.org/web/20221106205314/https://www.ombudsman.hk/wp-content/uploads/2022/07/Lands_201511_Chi.pdf,全文 (PDF),2015年11月,地政总署拒绝向A先生提供某位曾就该署的建议表达意见的人士的个人资料,https://web.archive.org/web/20221115040712/https://www.ombudsman.hk/wp-content/uploads/2022/07/Lands_201511_Simp_Chi.pdf,全文 (PDF)
7,October 2015,Correctional Services Department erased the names of health care personnel from the medical records provided to Mr A,https://web.archive.org/web/20221115033001/https://www.ombudsman.hk/wp-content/uploads/2022/07/CSD_201510_Eng-1.pdf,Report (PDF),2015年10月,懲教署在給A先生的病歷資料中刪去了醫護人員的姓名,https://web.archive.org/web/20221106205329/https://www.ombudsman.hk/wp-content/uploads/2022/07/CSD_201510_Chin.pdf,全文 (PDF),2015年10月,惩教署在给A先生的病历资料中删去了医护人员的姓名,https://web.archive.org/web/20221115032515/https://www.ombudsman.hk/wp-content/uploads/2022/07/CSD_201510_Simp_Chin.pdf,全文 (PDF)
6,September 2015,Marine Department refused to provide Mr A with the list of members of its Disciplinary Panel,https://web.archive.org/web/20221115041148/https://www.ombudsman.hk/wp-content/uploads/2022/07/MD_201509_Eng.pdf,Report (PDF),2015年9月,海事處拒絕向A先生披露紀律評審小組成員的名單,https://web.archive.org/web/20221106205301/https://www.ombudsman.hk/wp-content/uploads/2022/07/MD_201509_Chin.pdf,全文 (PDF),2015年9月,海事处拒绝向A先生披露纪律评审小组成员的名单,https://web.archive.org/web/20221115041452/https://www.ombudsman.hk/wp-content/uploads/2022/07/MD_201509_Simp_Chin.pdf,全文 (PDF)
5,August 2015,Government Property Agency refused Mr A’s request for the full investigation report regarding a noise nuisance complaint prepared by a property management company (“the Company”) engaged by Government Property Agency,https://web.archive.org/web/20221115032505/https://www.ombudsman.hk/wp-content/uploads/2022/07/GPA_201508_Eng.pdf,Report (PDF),2015年8月,政府產業署拒絕向A 先生提供由該署委聘的物業管理公司就一宗噪音滋擾投訴所撰寫的完整調查報告,https://web.archive.org/web/20221106205324/https://www.ombudsman.hk/wp-content/uploads/2022/07/GPA_201508_Chin.pdf,全文 (PDF),2015年8月,政府产业署拒绝向A 先生提供由该署委聘的物业管理公司就一宗噪音滋扰投诉所撰写的完整调查报告,https://web.archive.org/web/20221115032800/https://www.ombudsman.hk/wp-content/uploads/2022/07/GPA_201508_Simp_Chin.pdf,全文 (PDF)
4,February 2015,"The Food and Health Bureau refused to provide information pertaining to its meeting in Chengdu with the State General Administration of Quality Supervision, Inspection and Quarantine on updating the list of pesticide residues in food under the relevant legislation",https://web.archive.org/web/20221115040920/https://www.ombudsman.hk/wp-content/uploads/2022/07/FHB_201502_E.pdf,Report (PDF),2015年2月,食衞局拒絕向A先生提供該局與國家質量監督檢驗檢疫總局在成都開會討論更新《食物內除害劑殘餘規例》附表一內有關食物內除害劑的資料,https://web.archive.org/web/20221106205302/https://www.ombudsman.hk/wp-content/uploads/2022/07/FHB_201502_TC.pdf,全文 (PDF),2015年2月,食卫局拒绝向A先生提供该局与国家质量监督检验检疫总局在成都开会讨论更新《食物内除害剂残余规例》附表一内有关食物内除害剂的资料,https://web.archive.org/web/20221115035942/https://www.ombudsman.hk/wp-content/uploads/2022/07/FHB_201502_SC.pdf,全文 (PDF)
3,January 2015,The Narcotics Division refused to provide information regarding its opinion polls on the RESCUE Drug Testing Scheme,https://web.archive.org/web/20221115040631/https://www.ombudsman.hk/wp-content/uploads/2022/07/SB_201501_E.pdf,Report (PDF),2015年1月,保安局轄下的禁毒處拒絕向A先生提供該處就「驗毒助康復計劃」所作的民意調查的資料,https://web.archive.org/web/20221106205313/https://www.ombudsman.hk/wp-content/uploads/2022/07/SB_201501_TC.pdf,全文 (PDF),2015年1月,保安局辖下的禁毒处拒绝向A先生提供该处就「验毒助康复计划」所作的民意调查的资料,https://web.archive.org/web/20221115032423/https://www.ombudsman.hk/wp-content/uploads/2022/07/SB_201501_SC.pdf,全文 (PDF)
2,May 2014,The Education Bureau refused to disclose the days on which it had inspected the premises suspected to be used as an unlicensed tutorial centre,https://web.archive.org/web/20221115033015/https://www.ombudsman.hk/wp-content/uploads/2022/07/EDB_201405_E.pdf,Report (PDF),2014年5月,教育局拒絕向A女士透露該局是在哪天巡查某涉嫌開辦無牌補習社的單位,https://web.archive.org/web/20221106205315/https://www.ombudsman.hk/wp-content/uploads/2022/07/EDB_201405_TC.pdf,全文 (PDF),2014年5月,教育局拒绝向A女士透露该局是在哪天巡查某涉嫌开办无牌补习社的单位,https://web.archive.org/web/20221115040833/https://www.ombudsman.hk/wp-content/uploads/2022/07/EDB_201405_SC.pdf,全文 (PDF)
1,December 2013,The Drainage Services Department refused to provide the investigation report on a road subsidence case,https://web.archive.org/web/20221115032611/https://www.ombudsman.hk/wp-content/uploads/2022/07/DSD_201312_E.pdf,Report (PDF),2013年12月,渠務署拒絕向A先生提供路陷事件的調查報告,https://web.archive.org/web/20221106205312/https://www.ombudsman.hk/wp-content/uploads/2022/07/DSD_201312_TC.pdf,全文 (PDF),2013年12月,渠务署拒绝向A先生提供路陷事件的调查报告,https://web.archive.org/web/20221115034445/https://www.ombudsman.hk/wp-content/uploads/2022/07/DSD_201312_SC.pdf,全文 (PDF)
